,Image Name,PSNR,SSIM,CC
0,extracted_from_watermarked_image_image0003artwork.png,40.597028011100534,0.9859281726229313,0.9997901891530593
1,extracted_from_watermarked_image_image0004artwork.png,40.13215032964573,0.9868291338979168,0.9997665144583019
2,extracted_from_watermarked_image_image0005artwork.png,38.04735287834709,0.9816367576672888,0.9996191569941852
3,extracted_from_watermarked_image_image0006artwork.png,40.66034908737123,0.9850918025993255,0.9997935477710653
4,extracted_from_watermarked_image_image0007artwork.png,27.24922345650416,0.9695737611570866,0.9952911131820479
5,extracted_from_watermarked_image_image0008artwork.png,32.91663029708448,0.9776442804545721,0.9989894880754697
6,extracted_from_watermarked_image_image0009artwork.png,15.193391090056394,0.9455835385671228,0.9259782992655636
7,extracted_from_watermarked_image_image0010artwork.png,34.12159178204644,0.9735751158459313,0.9990440417561293
8,extracted_from_watermarked_image_image0011artwork.png,33.57809114325422,0.9873076275597713,0.9988583327981317
9,extracted_from_watermarked_image_image0012artwork.png,41.82336086984261,0.9867836367423987,0.9998440113544166
10,extracted_from_watermarked_image_image0013artwork.png,34.70959806901969,0.9844705201289733,0.9994065793223211
11,extracted_from_watermarked_image_image0015artwork.png,33.28470077834489,0.9782092283319113,0.998793702094107
12,extracted_from_watermarked_image_image0016artwork.png,18.928663077618914,0.9771956049772571,0.9678010689361766
13,extracted_from_watermarked_image_image0017artwork.png,33.06505749113513,0.9848689794074049,0.9987515900438663
14,extracted_from_watermarked_image_image0018artwork.png,31.559522711086796,0.9836399127177722,0.9982228871236943
15,extracted_from_watermarked_image_image0019artwork.png,24.464883982995453,0.9742712003426587,0.991209732639417
16,extracted_from_watermarked_image_image0020artwork.png,16.509247056017646,0.8639108069997702,0.9584103432813804
17,extracted_from_watermarked_image_image0021artwork.png,40.97033520364739,0.985698986906737,0.9998104737873577
18,extracted_from_watermarked_image_image0022artwork.png,35.226037342106466,0.983424920500549,0.9992356320055287
19,extracted_from_watermarked_image_image0024artwork.png,22.774467512554647,0.9653111885044489,0.9865728273089382
20,extracted_from_watermarked_image_image0024artwork.png,33.813920862041826,0.9759549816944474,0.9989656945197763
21,extracted_from_watermarked_image_image0027artwork.png,37.358591758944215,0.9846427822263664,0.9995300690094395
22,extracted_from_watermarked_image_image0028artwork.png,22.009614608903803,0.9259594101224802,0.9833610453598075
23,extracted_from_watermarked_image_image0029artwork.png,37.08580357340746,0.9847359012545143,0.9995309699963172
24,extracted_from_watermarked_image_image0030artwork.png,31.881211482721685,0.9769787687484315,0.9984015887669524
25,extracted_from_watermarked_image_image0031artwork.png,41.139124809549784,0.9875061094854586,0.9998183912646221
26,extracted_from_watermarked_image_image0032artwork.png,39.387359731140855,0.9870687953448037,0.9997138243756892
27,extracted_from_watermarked_image_image0033artwork.png,40.82859731454057,0.9844585250620345,0.9998047762226562
28,extracted_from_watermarked_image_image0034artwork.png,38.03502774487293,0.9838526317945444,0.9996237663435763
29,extracted_from_watermarked_image_image0035artwork.png,41.20002948995372,0.9867117756178588,0.9998241076176978
30,extracted_from_watermarked_image_image0036artwork.png,37.24771198207429,0.9819784291918111,0.9995407753950412
31,extracted_from_watermarked_image_image0039artwork.png,31.678513214417197,0.9779411527995298,0.9982543476124126
32,extracted_from_watermarked_image_image0039artwork.png,40.78357602726723,0.98496277570417,0.999801836948065
33,extracted_from_watermarked_image_image0040artwork.png,40.764608335996904,0.9847888874780724,0.9998030406853284
34,extracted_from_watermarked_image_image0041artwork.png,38.64434385013786,0.9902193176685548,0.9996693458536393
35,extracted_from_watermarked_image_image0042artwork.png,32.67753911922753,0.979722549950615,0.998738799002821
36,extracted_from_watermarked_image_image0043artwork.png,39.77497121453344,0.9837692147297404,0.9997493052123892
37,extracted_from_watermarked_image_image0044artwork.png,40.81598621364556,0.9873317688616003,0.9998011705628557
38,extracted_from_watermarked_image_image0045artwork.png,40.454221297998096,0.9841584808048323,0.9997867085323823
39,extracted_from_watermarked_image_image0046artwork.png,28.75042348993214,0.9738582162074613,0.9966562377677026
40,extracted_from_watermarked_image_image0047artwork.png,37.893404083792674,0.9873922784438495,0.999594854296989
41,extracted_from_watermarked_image_image0048artwork.png,41.263835909731185,0.9865511532303679,0.9998233692608908
42,extracted_from_watermarked_image_image0049artwork.png,38.71363227460296,0.9862905540580854,0.9996652406416403
43,extracted_from_watermarked_image_image0050artwork.png,32.58402745889599,0.9797287561306222,0.9987509998045597
44,extracted_from_watermarked_image_image0051artwork.png,25.176729152303462,0.963227007767017,0.992380157272487
45,extracted_from_watermarked_image_image0052artwork.png,35.21569294490246,0.9746459164895751,0.999219731647373
46,extracted_from_watermarked_image_image0053artwork.png,14.728255577923456,0.8231950187920621,0.9234327013110878
47,extracted_from_watermarked_image_image0054artwork.png,17.930552363454815,0.8760913092481957,0.9614700554238372
48,extracted_from_watermarked_image_image0055artwork.png,40.29310733526089,0.9828738790388529,0.999778016901993
49,extracted_from_watermarked_image_image0056artwork.png,21.06498694617583,0.9695513081056606,0.9797286220638214
50,extracted_from_watermarked_image_image0057artwork.png,30.237411496696073,0.9818466407565878,0.9976537255281362
51,extracted_from_watermarked_image_image0059artwork.png,31.096462345882912,0.9812894897996772,0.9980032752185838
52,extracted_from_watermarked_image_image0060artwork.png,24.670682136669324,0.9487385439342945,0.9912533533590288
53,extracted_from_watermarked_image_image0061artwork.png,40.46267789577239,0.9859845439123244,0.99978281502697
54,extracted_from_watermarked_image_image0062artwork.png,34.24341487401757,0.9859845906176293,0.9991011846665625
55,extracted_from_watermarked_image_image0064artwork.png,28.305088163928218,0.9783459740549149,0.9962904639985593
56,extracted_from_watermarked_image_image0066artwork.png,31.796349199286254,0.9830719106138065,0.9984933540737979
57,extracted_from_watermarked_image_image0067artwork.png,13.334667221835907,0.7971159120078672,0.9276830143759178
58,extracted_from_watermarked_image_image0069artwork.png,36.328058558772476,0.9844535161093213,0.9994085363550943
59,extracted_from_watermarked_image_image0070artwork.png,30.496694297662042,0.9764262203408641,0.9981643197304794
60,extracted_from_watermarked_image_image0072artwork.png,33.05494145378519,0.9848293122671743,0.9987275950653689
61,extracted_from_watermarked_image_image0073artwork.png,40.5176834242258,0.9859935424181975,0.9997910455898896
62,extracted_from_watermarked_image_image0075artwork.png,40.40931582583825,0.9849634078858003,0.9997859138411492
63,extracted_from_watermarked_image_image0076artwork.png,24.67251797836505,0.9583348105487511,0.990991730229212
64,extracted_from_watermarked_image_image0076artwork.png,26.01946952001321,0.9744363934082397,0.9943647982843992
65,extracted_from_watermarked_image_image0076artwork.png,40.90423947932098,0.9863697361901397,0.999807455744766
66,extracted_from_watermarked_image_image0077artwork.png,38.09953190437027,0.9847275809374886,0.9996304399476427
67,extracted_from_watermarked_image_image0078artwork.png,28.472719351818437,0.9635335003641844,0.9970190045314516
68,extracted_from_watermarked_image_image0080artwork.png,23.589732451705775,0.9491291674769267,0.9918356865599265
69,extracted_from_watermarked_image_image0081artwork.png,40.57413892722009,0.9839391464362969,0.9997897494913547
70,extracted_from_watermarked_image_image0082artwork.png,40.63611778525523,0.9893946332622342,0.9997942456987294
71,extracted_from_watermarked_image_image0083artwork.png,38.46801098867613,0.9868691022354515,0.9996618901386591
72,extracted_from_watermarked_image_image0084artwork.png,38.14340396922846,0.9863446653210398,0.9996289185495346
73,extracted_from_watermarked_image_image0086artwork.png,40.863733104039746,0.9838023855567296,0.9998059708294863
74,extracted_from_watermarked_image_image0087artwork.png,40.83887086726107,0.9864056488654058,0.9998051145104027
75,extracted_from_watermarked_image_image0090artwork.png,27.368437198669685,0.9634231575592259,0.9950572108972551
76,extracted_from_watermarked_image_image0090artwork.png,35.25138739011236,0.9721831206108393,0.9993023494395242
77,extracted_from_watermarked_image_image0091artwork.png,40.58457332857834,0.9839247095406772,0.9997916608653526
78,extracted_from_watermarked_image_image0094artwork.png,33.14070243298431,0.9866560661305405,0.9987814862117393
79,extracted_from_watermarked_image_image0094artwork.png,32.06719292197648,0.9757292633214067,0.9984895044657999
80,extracted_from_watermarked_image_image0095artwork.png,24.069206651918105,0.983737279356122,0.9898790219592448
81,extracted_from_watermarked_image_image0096artwork.png,18.882080544817896,0.9329431582249438,0.9732292848788098
82,extracted_from_watermarked_image_image0097artwork.png,15.959482753060744,0.9070386986604894,0.9433837818832584
83,extracted_from_watermarked_image_image0098artwork.png,20.554787488843473,0.9611765802063994,0.9832558130389287
84,extracted_from_watermarked_image_image0099artwork.png,32.36193365544425,0.9838782535349336,0.9985424855564955
85,extracted_from_watermarked_image_image0100artwork.png,39.0861418058187,0.9847241234926442,0.9996932899961314
86,extracted_from_watermarked_image_image0101artwork.png,20.149350373726527,0.9227907399281888,0.9777358991969983
87,extracted_from_watermarked_image_image0103artwork.png,18.8961084681215,0.9310510359318612,0.965173293344665
88,extracted_from_watermarked_image_image0104artwork.png,19.460172275354832,0.9608347751919729,0.9745126688559305
89,extracted_from_watermarked_image_image0105artwork.png,33.91443234290185,0.9816570954210558,0.9989641562144246
90,extracted_from_watermarked_image_image0106artwork.png,40.60876806981247,0.9840841417380674,0.9997910824085995
91,extracted_from_watermarked_image_image0107artwork.png,27.753491771986567,0.9695744447384497,0.9956128963072236
92,extracted_from_watermarked_image_image0109artwork.png,36.128834426556146,0.9808829509744926,0.9994458079185798
93,extracted_from_watermarked_image_image0110artwork.png,14.604819059511698,0.8424415822354384,0.9296344031572685
94,extracted_from_watermarked_image_image0111artwork.png,18.981445695150878,0.9569117442904692,0.9709712092134519
95,extracted_from_watermarked_image_image0112artwork.png,34.66634422054176,0.9892488240158714,0.999139483637412
96,extracted_from_watermarked_image_image0113artwork.png,31.91608583849213,0.9764219192458921,0.998400465746502
97,extracted_from_watermarked_image_image0114artwork.png,31.381612405989593,0.988767229822303,0.9980845662088326
98,extracted_from_watermarked_image_image0116artwork.png,41.25134741166036,0.9886423733992536,0.9998243204510765
99,extracted_from_watermarked_image_image0117artwork.png,18.83999029377535,0.9081559799401072,0.9784078035608276
100,extracted_from_watermarked_image_image0118artwork.png,27.06640888482566,0.9800699490645028,0.9950440243212577
101,extracted_from_watermarked_image_image0119artwork.png,26.884980276528697,0.9663201655441879,0.9948663054351239
102,extracted_from_watermarked_image_image0121artwork.png,40.945127214749334,0.9874359391577507,0.9998118390009723
103,extracted_from_watermarked_image_image0121artwork.png,41.18172531610679,0.9868692844279799,0.9998140082388954
104,extracted_from_watermarked_image_image0122artwork.png,20.362938420255098,0.9703558853511057,0.9789838393271053
105,extracted_from_watermarked_image_image0123artwork.png,21.276742551387326,0.974327115556204,0.988070051145501
106,extracted_from_watermarked_image_image0124artwork.png,30.161994537137033,0.9869226694691604,0.9976709092654193
107,extracted_from_watermarked_image_image0125artwork.png,40.35023368646742,0.9859238041527286,0.9997813431743378
108,extracted_from_watermarked_image_image0126artwork.png,34.64646190309712,0.9838239029637443,0.9991466213434832
109,extracted_from_watermarked_image_image0128artwork.png,36.51819619526886,0.9845931770266434,0.9994661286889804
110,extracted_from_watermarked_image_image0129artwork.png,25.093360422808935,0.9823182897783823,0.9929843919344541
111,extracted_from_watermarked_image_image0130artwork.png,30.48933915158287,0.9742119775260004,0.9976374168103317
112,extracted_from_watermarked_image_image0132artwork.png,24.132872500490755,0.9717314617618933,0.9911093073805124
113,extracted_from_watermarked_image_image0134artwork.png,41.8078391312189,0.9884237027800199,0.999841982260184
114,extracted_from_watermarked_image_image0136artwork.png,38.5552046013944,0.9791110196036806,0.9996862029810214
115,extracted_from_watermarked_image_image0137artwork.png,28.618911972110514,0.9755840905990086,0.9964050781069674
116,extracted_from_watermarked_image_image0138artwork.png,27.299142711963885,0.9683969899900365,0.995104006924599
117,extracted_from_watermarked_image_image0139artwork.png,40.2852064221798,0.9834819270045418,0.9997851096521684
118,extracted_from_watermarked_image_image0139artwork.png,25.803728773206554,0.9605198821581826,0.9932088225111811
119,extracted_from_watermarked_image_image0140artwork.png,36.740174905071484,0.9852147184775025,0.9994722857053747
120,extracted_from_watermarked_image_image0141artwork.png,32.16927292553394,0.9728686449915834,0.9988771629719816
121,extracted_from_watermarked_image_image0142artwork.png,39.92727503710298,0.9842632778425088,0.9997528189692313
122,extracted_from_watermarked_image_image0144artwork.png,17.845992619750078,0.9312387004001433,0.9624916767830028
123,extracted_from_watermarked_image_image0145artwork.png,36.820350800283045,0.9898205752516841,0.9994775729776146
124,extracted_from_watermarked_image_image0146artwork.png,18.068585497851203,0.8990555981801877,0.9676405297201169
125,extracted_from_watermarked_image_image0149artwork.png,27.122971161889016,0.965612755350596,0.9949636310296202
126,extracted_from_watermarked_image_image0149artwork.png,34.40283387558628,0.9781606469463181,0.9991894739267992
127,extracted_from_watermarked_image_image0150artwork.png,20.000865384435073,0.9533016752401241,0.9793621996636579
128,extracted_from_watermarked_image_image0152artwork.png,34.42415746063597,0.9843312323978517,0.9991029615988414
129,extracted_from_watermarked_image_image0153artwork.png,39.30859053822125,0.9830582763442339,0.9997162809809655
130,extracted_from_watermarked_image_image0154artwork.png,26.51362482275559,0.968353555604678,0.9940839156514504
131,extracted_from_watermarked_image_image0155artwork.png,19.34890055614709,0.9294452983578415,0.9756159356846871
132,extracted_from_watermarked_image_image0156artwork.png,39.762602842345146,0.9813184084321224,0.9997372134824185
133,extracted_from_watermarked_image_image0157artwork.png,38.81058031711893,0.9806777453103609,0.9996791321071337
134,extracted_from_watermarked_image_image0158artwork.png,40.543724465639485,0.9838861699205149,0.9997893315028384
135,extracted_from_watermarked_image_image0159artwork.png,40.51401095044462,0.9830885144534364,0.9997885746130999
136,extracted_from_watermarked_image_image0160artwork.png,40.36203325037168,0.9824206375290657,0.9997870493585154
137,extracted_from_watermarked_image_image0162artwork.png,40.19309068622061,0.9823118140900111,0.9997730190844051
138,extracted_from_watermarked_image_image0162artwork.png,40.08422800110728,0.983663417521953,0.999765522788848
139,extracted_from_watermarked_image_image0163artwork.png,17.02519693054398,0.9032653171535507,0.9565204495574146
140,extracted_from_watermarked_image_image0164artwork.png,36.03324557256381,0.984623163180895,0.9994137344282868
141,extracted_from_watermarked_image_image0165artwork.png,14.615918103832072,0.7513420165045194,0.9342432823718338
142,extracted_from_watermarked_image_image0166artwork.png,34.246188220456084,0.9808039906938854,0.9990849231954311
143,extracted_from_watermarked_image_image0168artwork.png,17.44914194970043,0.9654085418418679,0.9569575029836567
144,extracted_from_watermarked_image_image0169artwork.png,42.40408388402916,0.9885869328894931,0.9998555236622749
145,extracted_from_watermarked_image_image0170artwork.png,39.908501163780656,0.9812146776444224,0.9997588267044112
146,extracted_from_watermarked_image_image0171artwork.png,38.69765575817082,0.9827724649836345,0.999676576573271
147,extracted_from_watermarked_image_image0173artwork.png,38.49298680170272,0.9818792272070952,0.999650102407601
148,extracted_from_watermarked_image_image0174artwork.png,26.816661805324724,0.9736513660583531,0.9953480297730142
149,extracted_from_watermarked_image_image0175artwork.png,14.16668553689769,0.7588195424531902,0.9439895243897218
150,extracted_from_watermarked_image_image0176artwork.png,38.50514351583957,0.9864434385035351,0.9996525915573975
151,extracted_from_watermarked_image_image0177artwork.png,25.77237228936469,0.9785741142929939,0.993573215808423
152,extracted_from_watermarked_image_image0178artwork.png,22.736195413971597,0.9580048024489994,0.986708156307443
153,extracted_from_watermarked_image_image0180artwork.png,33.43896184676356,0.9862705086090019,0.9992523137745679
154,extracted_from_watermarked_image_image0181artwork.png,28.463582450527944,0.978713549037512,0.9965598346424915
155,extracted_from_watermarked_image_image0182artwork.png,41.36714262265382,0.9919546256891092,0.9998128796934084
156,extracted_from_watermarked_image_image0183artwork.png,39.78861723185699,0.9809978914165969,0.9997485536809866
157,extracted_from_watermarked_image_image0184artwork.png,40.41936119227303,0.9859244362429758,0.9997846493294732
158,extracted_from_watermarked_image_image0185artwork.png,30.797947799676116,0.9833338138683149,0.997921206102628
159,extracted_from_watermarked_image_image0186artwork.png,40.614023903400174,0.983992741847174,0.9997931576435725
160,extracted_from_watermarked_image_image0187artwork.png,30.94242537018102,0.9618405638825375,0.9978901840379389
161,extracted_from_watermarked_image_image0190artwork.png,37.65942449294783,0.9833424281624795,0.9995791646422032
162,extracted_from_watermarked_image_image0190artwork.png,40.22136724489697,0.986341228931153,0.9997738597179096
163,extracted_from_watermarked_image_image0191artwork.png,18.876531051561425,0.9184614045339884,0.9741244522648494
164,extracted_from_watermarked_image_image0192artwork.png,36.39209595161781,0.9839711903517516,0.9997073232592442
165,extracted_from_watermarked_image_image0193artwork.png,41.26645433241115,0.9847072741067392,0.99982405105264
166,extracted_from_watermarked_image_image0194artwork.png,28.183357221059836,0.9697667602925132,0.9961479362008211
167,extracted_from_watermarked_image_image0195artwork.png,39.87837706076754,0.9836531677396758,0.9997583874736374
168,extracted_from_watermarked_image_image0196artwork.png,37.50554684250651,0.9823599915439782,0.9995617609070108
169,extracted_from_watermarked_image_image0197artwork.png,40.31058681156149,0.9843673952462213,0.9997771841759103
170,extracted_from_watermarked_image_image0199artwork.png,13.789454046355146,0.7972706414198077,0.9200565279871765
171,extracted_from_watermarked_image_image0200artwork.png,24.12729596093898,0.9768030008098619,0.9917527756613532
172,extracted_from_watermarked_image_image0202artwork.png,26.81207844235599,0.9793845082961908,0.9951184254109153
173,extracted_from_watermarked_image_image0203artwork.png,28.285442576502717,0.9778760642149885,0.9962673975955956
174,extracted_from_watermarked_image_image0204artwork.png,28.19459022867193,0.976581040054711,0.9961342966571073
175,extracted_from_watermarked_image_image0205artwork.png,36.8945837708395,0.9861894784947799,0.9994854920631285
176,extracted_from_watermarked_image_image0206artwork.png,30.63279652907612,0.9742019037034546,0.9977968972443478
177,extracted_from_watermarked_image_image0208artwork.png,38.88831369841575,0.9827834009911712,0.9996902215869875
178,extracted_from_watermarked_image_image0209artwork.png,23.676246488092175,0.941217949541806,0.9882534539496599
179,extracted_from_watermarked_image_image0210artwork.png,39.51710104666801,0.9863990929833579,0.9997206376493474
180,extracted_from_watermarked_image_image0211artwork.png,37.880439860300406,0.9844961912543541,0.9996048767861
181,extracted_from_watermarked_image_image0212artwork.png,10.851660581667451,0.5822337598588061,0.8520255906579217
182,extracted_from_watermarked_image_image0213artwork.png,28.52379856696592,0.9739188708823462,0.9964034768586231
183,extracted_from_watermarked_image_image0214artwork.png,39.89298873276625,0.9838476186806666,0.9997537162717826
184,extracted_from_watermarked_image_image0215artwork.png,40.49593872526529,0.9871752633134804,0.999785010726123
185,extracted_from_watermarked_image_image0216artwork.png,16.939255707116743,0.9159384889321491,0.9546907640181564
186,extracted_from_watermarked_image_image0217artwork.png,33.896371445903796,0.9807286506469216,0.9989700554707306
187,extracted_from_watermarked_image_image0218artwork.png,37.2312468031037,0.9849578749174835,0.9995338042098598
188,extracted_from_watermarked_image_image0219artwork.png,19.51892420165269,0.9525329255588284,0.9790732052488343
189,extracted_from_watermarked_image_image0220artwork.png,35.73701036364496,0.9831890704708948,0.9993435905480272
190,extracted_from_watermarked_image_image0222artwork.png,33.75974188768352,0.9776808706952952,0.9989510442045957
191,extracted_from_watermarked_image_image0224artwork.png,40.068959690345665,0.9803898223837405,0.9997788449105474
192,extracted_from_watermarked_image_image0227artwork.png,19.379631178111396,0.9266402618045184,0.9754177783534299
193,extracted_from_watermarked_image_image0227artwork.png,40.2512110469995,0.9834873917608823,0.9997825791818583
194,extracted_from_watermarked_image_image0228artwork.png,22.5558490747864,0.9753073784685565,0.9873704455412841
195,extracted_from_watermarked_image_image0229artwork.png,41.062925925807036,0.9871721642450321,0.99981593119421
196,extracted_from_watermarked_image_image0230artwork.png,34.390806781993376,0.9811090288856037,0.9990853674012256
197,extracted_from_watermarked_image_image0231artwork.png,41.22301873079324,0.9854106949130398,0.9998211937476316
198,extracted_from_watermarked_image_image0234artwork.png,29.618120564952235,0.9783882643024308,0.9974045494120856
199,extracted_from_watermarked_image_image0235artwork.png,40.15845289438869,0.9866889708854102,0.9997685553183909
200,extracted_from_watermarked_image_image0236artwork.png,30.006631766825095,0.9803125016366993,0.9974610875575379
201,extracted_from_watermarked_image_image0237artwork.png,34.92162288630304,0.9715888940093272,0.9992863969146195
202,extracted_from_watermarked_image_image0238artwork.png,25.960035871815744,0.9809230662672124,0.9937772858121907
203,extracted_from_watermarked_image_image0239artwork.png,32.92595975205472,0.9792986870009868,0.9987203507432689
204,extracted_from_watermarked_image_image0240artwork.png,18.140033685518944,0.9628577998753495,0.962491053465897
205,extracted_from_watermarked_image_image0241artwork.png,32.12354847873835,0.9812685178237942,0.9984876498794883
206,extracted_from_watermarked_image_image0242artwork.png,22.164363824072275,0.9699868197178733,0.9844324402731692
207,extracted_from_watermarked_image_image0243artwork.png,40.41864289503308,0.9820291192960758,0.9997859008515152
208,extracted_from_watermarked_image_image0244artwork.png,35.05275225467682,0.9803382295202333,0.999192414814753
209,extracted_from_watermarked_image_image0246artwork.png,36.43005908088003,0.9838167989268224,0.999436926744952
210,extracted_from_watermarked_image_image0248artwork.png,41.950935864182085,0.9882509162337696,0.9998452266076028
211,extracted_from_watermarked_image_image0248artwork.png,19.644190578240458,0.9583300590667306,0.9747460363316154
212,extracted_from_watermarked_image_image0251artwork.png,20.693677722774503,0.9518868641951074,0.9787676391250255
213,extracted_from_watermarked_image_image0251artwork.png,22.211242141240728,0.9720706116116471,0.9865907582628911
214,extracted_from_watermarked_image_image0252artwork.png,19.109958074626128,0.9007118598573013,0.9750692738583457
215,extracted_from_watermarked_image_image0253artwork.png,34.74394360699865,0.979620496897914,0.999131135674397
216,extracted_from_watermarked_image_image0255artwork.png,27.132576968118958,0.9761393860360573,0.9954977716389513
217,extracted_from_watermarked_image_image0256artwork.png,40.812314863419886,0.9853043737094538,0.9998045284070194
218,extracted_from_watermarked_image_image0257artwork.png,41.42954146649576,0.9879666503428015,0.999836844209513
219,extracted_from_watermarked_image_image0258artwork.png,37.46642808522812,0.98557772728954,0.9995394114854838
220,extracted_from_watermarked_image_image0259artwork.png,17.612382399950445,0.9658822380735023,0.9580233526377793
221,extracted_from_watermarked_image_image0261artwork.png,26.820580813080785,0.9732164149071642,0.9946297882232477
222,extracted_from_watermarked_image_image0261artwork.png,35.64535593401687,0.984394131802473,0.999348092145001
223,extracted_from_watermarked_image_image0262artwork.png,38.25950243710251,0.9820274180911127,0.9996725599969427
224,extracted_from_watermarked_image_image0263artwork.png,16.413381043131896,0.8624799496973475,0.9596415985101701
225,extracted_from_watermarked_image_image0265artwork.png,42.22262318417719,0.9908762207090578,0.9998549898921923
226,extracted_from_watermarked_image_image0266artwork.png,12.88834765697024,0.7659166394590512,0.9324811673706723
227,extracted_from_watermarked_image_image0267artwork.png,31.403723254795842,0.9748786953816827,0.9982556255845798
228,extracted_from_watermarked_image_image0269artwork.png,20.826942648399953,0.9512063672719556,0.9792909939754515
229,extracted_from_watermarked_image_image0270artwork.png,40.48352717408878,0.988197864269229,0.9997763545733547
230,extracted_from_watermarked_image_image0271artwork.png,36.63452364611737,0.9865165151657959,0.9994629910461991
231,extracted_from_watermarked_image_image0272artwork.png,33.320699948761174,0.9838062372375269,0.9988766226963608
232,extracted_from_watermarked_image_image0273artwork.png,25.323994561099656,0.9803943275395396,0.9924690349579647
233,extracted_from_watermarked_image_image0274artwork.png,35.397851347531855,0.9595915429009562,0.9993953106996717
234,extracted_from_watermarked_image_image0277artwork.png,20.69225979403695,0.9713214758847616,0.9779834456317034
235,extracted_from_watermarked_image_image0278artwork.png,36.92564267472978,0.9840305480743199,0.9994986759581661
236,extracted_from_watermarked_image_image0279artwork.png,40.162739326339036,0.9855037795312399,0.9997737069991626
237,extracted_from_watermarked_image_image0280artwork.png,42.03383147882735,0.9877188371926224,0.9998530016121671
238,extracted_from_watermarked_image_image0281artwork.png,40.06653056496724,0.9836795349951611,0.9997663979630671
239,extracted_from_watermarked_image_image0283artwork.png,40.37386496046044,0.9852830204106949,0.9997841192353759
240,extracted_from_watermarked_image_image0284artwork.png,31.963252702024313,0.9907238624606712,0.9983275298543391
241,extracted_from_watermarked_image_image0285artwork.png,25.213923122762015,0.9757621064249449,0.992589517768956
242,extracted_from_watermarked_image_image0286artwork.png,24.041649866170573,0.9768235938792066,0.9897936432311227
243,extracted_from_watermarked_image_image0287artwork.png,35.66702652235529,0.9837397424350267,0.9993307419001993
244,extracted_from_watermarked_image_image0288artwork.png,38.41667390951257,0.9839673488490851,0.9996602364505723
245,extracted_from_watermarked_image_image0289artwork.png,31.852872645459467,0.981294422658903,0.9983925598364926
246,extracted_from_watermarked_image_image0290artwork.png,33.16064277431308,0.9684759627697446,0.9988745537179359
247,extracted_from_watermarked_image_image0292artwork.png,29.060796626078236,0.9769963064790814,0.9971116986607862
248,extracted_from_watermarked_image_image0294artwork.png,19.61442862949818,0.924811580854778,0.9754477128076358
249,extracted_from_watermarked_image_image0296artwork.png,36.20465362716464,0.9848151276652276,0.9994019102110504
250,extracted_from_watermarked_image_image0297artwork.png,40.94026510410699,0.9870559157183827,0.9998067160972213
251,extracted_from_watermarked_image_image0298artwork.png,20.952065141017513,0.9756194056409783,0.9817487653239038
252,extracted_from_watermarked_image_image0299artwork.png,28.47790751652341,0.9711383050622677,0.9962977443322545
253,extracted_from_watermarked_image_image0300artwork.png,39.51554506301787,0.9838049362244498,0.9997278382189192
254,extracted_from_watermarked_image_image0301artwork.png,37.50762840962486,0.9842840398718863,0.9995522494881391
255,extracted_from_watermarked_image_image0302artwork.png,26.238884288236353,0.9542231092397139,0.9937751635613377
256,extracted_from_watermarked_image_image0303artwork.png,39.22776530984237,0.9857979773191327,0.9997016465955375
257,extracted_from_watermarked_image_image0306artwork.png,27.311791722900722,0.956167276220291,0.9950669751138695
258,extracted_from_watermarked_image_image0307artwork.png,36.951426467385346,0.9842484171842569,0.999528473158688
259,extracted_from_watermarked_image_image0308artwork.png,30.451566907416257,0.9777342499114033,0.9978036784563472
260,extracted_from_watermarked_image_image0309artwork.png,40.528719515482706,0.9842521821323906,0.9997905026561031
261,extracted_from_watermarked_image_image0310artwork.png,19.72469543422568,0.9105322976177913,0.9837193215774178
262,extracted_from_watermarked_image_image0311artwork.png,40.44000306016066,0.9875210539069169,0.999785309380944
263,extracted_from_watermarked_image_image0312artwork.png,39.130761494391535,0.983472739892143,0.9997057474443305
264,extracted_from_watermarked_image_image0314artwork.png,41.27373602289177,0.9876913628795488,0.9998243478986014
265,extracted_from_watermarked_image_image0315artwork.png,39.563845043970744,0.9928227485424745,0.9997145916589458
266,extracted_from_watermarked_image_image0316artwork.png,39.55991406540853,0.9855987313340994,0.9997347174192355
267,extracted_from_watermarked_image_image0317artwork.png,38.767479526145564,0.9828526060460412,0.9996859979909662
268,extracted_from_watermarked_image_image0318artwork.png,38.59970301827494,0.9845241709997352,0.9996544793609872
269,extracted_from_watermarked_image_image0319artwork.png,40.92786438421818,0.9846597191689788,0.9998097989159487
270,extracted_from_watermarked_image_image0320artwork.png,38.61469040106972,0.9854296724207338,0.9996544541580689
271,extracted_from_watermarked_image_image0321artwork.png,29.23787779225225,0.9631837347138165,0.9969477434375038
272,extracted_from_watermarked_image_image0322artwork.png,32.61647041922808,0.9803960379840171,0.9985512213325302
273,extracted_from_watermarked_image_image0323artwork.png,32.03501235360448,0.9763226767385821,0.9987449255732407
274,extracted_from_watermarked_image_image0326artwork.png,24.070211110887342,0.963186287605199,0.9904482319916316
275,extracted_from_watermarked_image_image0327artwork.png,41.727490563944116,0.9883078702627444,0.9998383642477261
276,extracted_from_watermarked_image_image0329artwork.png,34.69682025463787,0.9829821962380509,0.9992444512795853
277,extracted_from_watermarked_image_image0329artwork.png,29.2865083786498,0.9842058506303241,0.9971992581737977
278,extracted_from_watermarked_image_image0330artwork.png,12.708497511691599,0.7376134591599821,0.8741544144024036
279,extracted_from_watermarked_image_image0331artwork.png,35.14858588548405,0.9766979207622773,0.999238806097276
280,extracted_from_watermarked_image_image0333artwork.png,36.047747986715194,0.9857409257099903,0.9993843617160452
281,extracted_from_watermarked_image_image0334artwork.png,21.407281080316825,0.9540185536944801,0.9851591131493399
282,extracted_from_watermarked_image_image0334artwork.png,37.54576242871542,0.9822729969771347,0.999558847885921
283,extracted_from_watermarked_image_image0335artwork.png,42.44511988841694,0.9892225311817517,0.9998673710475715
284,extracted_from_watermarked_image_image0336artwork.png,32.15818074324134,0.9772378173061531,0.9985216270810062
285,extracted_from_watermarked_image_image0337artwork.png,36.60268658572416,0.9834270010090748,0.9994732271109549
286,extracted_from_watermarked_image_image0339artwork.png,41.36595138769633,0.9852845901184749,0.999827943044759
287,extracted_from_watermarked_image_image0340artwork.png,20.026052149341865,0.9033082123130214,0.974706437852854
288,extracted_from_watermarked_image_image0341artwork.png,38.649597894552045,0.9823253242894902,0.9996802450567176
289,extracted_from_watermarked_image_image0342artwork.png,40.27268738184339,0.9862368155147861,0.9997774760565776
290,extracted_from_watermarked_image_image0344artwork.png,32.053880373277764,0.9762828720388979,0.9985136586019988
291,extracted_from_watermarked_image_image0344artwork.png,37.74550230979372,0.9840800391021146,0.999578636374058
292,extracted_from_watermarked_image_image0345artwork.png,42.88255052242313,0.9901592105513378,0.9998773959784434
293,extracted_from_watermarked_image_image0346artwork.png,40.88980574987155,0.9827487333328389,0.9998085385619453
294,extracted_from_watermarked_image_image0347artwork.png,32.232754263512035,0.9768823166223061,0.998401160967402
295,extracted_from_watermarked_image_image0348artwork.png,40.001452552463135,0.985110832830533,0.9997639833568838
296,extracted_from_watermarked_image_image0349artwork.png,40.072716467678184,0.9819298554267165,0.9997682020082973
297,extracted_from_watermarked_image_image0350artwork.png,37.45637033941451,0.9827759120206778,0.9995482318710492
298,extracted_from_watermarked_image_image0351artwork.png,39.48280451877705,0.9826995596254829,0.9997328263507685
299,extracted_from_watermarked_image_image0352artwork.png,40.683698309307644,0.9854998103191553,0.9997980514738113
300,extracted_from_watermarked_image_image0353artwork.png,20.357045203202087,0.9452689972305427,0.980495288937135
301,extracted_from_watermarked_image_image0354artwork.png,41.109551154884585,0.9838513979856368,0.9998160222412035
302,extracted_from_watermarked_image_image0355artwork.png,39.812289091054936,0.9845317088401617,0.999751585884222
303,extracted_from_watermarked_image_image0356artwork.png,29.328531135531616,0.9733579003167773,0.9974493442711857
304,extracted_from_watermarked_image_image0357artwork.png,26.811462823641552,0.9753392999303206,0.9954434649899359
305,extracted_from_watermarked_image_image0358artwork.png,40.743658497537396,0.9868127943705338,0.9997971112048059
306,extracted_from_watermarked_image_image0359artwork.png,38.12501122521182,0.9860324335228426,0.9996226376812505
307,extracted_from_watermarked_image_image0361artwork.png,36.933147148019735,0.9847576885090733,0.9994805399908613
308,extracted_from_watermarked_image_image0362artwork.png,38.55084202461467,0.9848325594038977,0.9996617594934091
309,extracted_from_watermarked_image_image0365artwork.png,40.86479423526952,0.9869094431927516,0.9998023099751748
310,extracted_from_watermarked_image_image0367artwork.png,25.7385992682715,0.9776649198512896,0.992883569226592
311,extracted_from_watermarked_image_image0368artwork.png,40.41936119227303,0.9854318437419556,0.999783447358764
312,extracted_from_watermarked_image_image0369artwork.png,27.215004100804713,0.9846053602980153,0.9950548381903909
313,extracted_from_watermarked_image_image0370artwork.png,37.13801770603335,0.980509035417306,0.9995700980093224
314,extracted_from_watermarked_image_image0371artwork.png,25.10044695218484,0.9531839436588244,0.9939140853451631
315,extracted_from_watermarked_image_image0372artwork.png,38.68671593954322,0.9827904562952995,0.9996749697031315
316,extracted_from_watermarked_image_image0374artwork.png,16.81650094031218,0.9397901396041489,0.9526418819542352
317,extracted_from_watermarked_image_image0375artwork.png,40.66186804214709,0.9857399800965498,0.9997925565233192
318,extracted_from_watermarked_image_image0377artwork.png,36.708575581586054,0.9800317343632475,0.9995275681172386
319,extracted_from_watermarked_image_image0377artwork.png,33.6566490701184,0.9846131397212874,0.9988948699161914
320,extracted_from_watermarked_image_image0378artwork.png,42.77949488042371,0.9902068851452198,0.9998760625671641
321,extracted_from_watermarked_image_image0379artwork.png,33.27775858156353,0.9766697475697979,0.9988059596554716
322,extracted_from_watermarked_image_image0380artwork.png,34.378276638220534,0.9897060760860811,0.9990384422641398
323,extracted_from_watermarked_image_image0382artwork.png,41.090505577624896,0.9873522987385428,0.9998191308401897
324,extracted_from_watermarked_image_image0383artwork.png,41.18143992462852,0.9866075262663657,0.999816718643005
325,extracted_from_watermarked_image_image0384artwork.png,22.961522496991982,0.9698336823819503,0.9867375676217596
326,extracted_from_watermarked_image_image0385artwork.png,25.530252853316853,0.9820205250004729,0.99276931388654
327,extracted_from_watermarked_image_image0386artwork.png,34.46274500238669,0.9670493175439424,0.9991744062351186
328,extracted_from_watermarked_image_image0387artwork.png,39.21813027479273,0.983212245936239,0.9997196399001962
329,extracted_from_watermarked_image_image0388artwork.png,40.6185339716958,0.9846739397003644,0.9997945280120776
330,extracted_from_watermarked_image_image0389artwork.png,39.915105432272206,0.9863373330898293,0.9997598048402663
331,extracted_from_watermarked_image_image0390artwork.png,40.327433555760194,0.983859509432304,0.9997790909703478
332,extracted_from_watermarked_image_image0391artwork.png,36.85520035354862,0.9824103886786281,0.9995488283790471
333,extracted_from_watermarked_image_image0392artwork.png,39.47258740793656,0.9875228529576434,0.999722640785783
334,extracted_from_watermarked_image_image0393artwork.png,40.418403489017805,0.9854190115698618,0.999781824680215
335,extracted_from_watermarked_image_image0394artwork.png,39.36983605644819,0.9842193929737476,0.999724107372891
336,extracted_from_watermarked_image_image0395artwork.png,31.82018596068168,0.9772484243890474,0.9983993422682845
337,extracted_from_watermarked_image_image0396artwork.png,32.363881601123474,0.9811131122854994,0.9985292723008576
338,extracted_from_watermarked_image_image0398artwork.png,28.67383268592389,0.9799656705539469,0.9966494258183969
339,extracted_from_watermarked_image_image0400artwork.png,38.305029300086375,0.9797486372070622,0.9996579190131444
340,extracted_from_watermarked_image_image0401artwork.png,38.26678974805966,0.9823014250059604,0.999651853102925
341,extracted_from_watermarked_image_image0402artwork.png,40.49301516755204,0.9858506263899226,0.999791153925094
342,extracted_from_watermarked_image_image0403artwork.png,28.805738969118355,0.9817584763786661,0.9967872227495238
343,extracted_from_watermarked_image_image0404artwork.png,41.02752504604772,0.9865918544955664,0.999812265188995
344,extracted_from_watermarked_image_image0405artwork.png,26.46103606249136,0.9564406844306456,0.9939228587566341
345,extracted_from_watermarked_image_image0406artwork.png,26.34288828225277,0.9846511844540441,0.993946143768742
346,extracted_from_watermarked_image_image0409artwork.png,22.00884457373483,0.9491350177355349,0.9858425681402719
347,extracted_from_watermarked_image_image0410artwork.png,39.205618494254686,0.9780737720931537,0.9997263205139456
348,extracted_from_watermarked_image_image0413artwork.png,41.510669058842154,0.9841103901171399,0.9998369158798593
349,extracted_from_watermarked_image_image0414artwork.png,32.704040278641145,0.9799695893961894,0.998941257642606
350,extracted_from_watermarked_image_image0415artwork.png,22.53766500128503,0.9564192472043045,0.9852215633323351
351,extracted_from_watermarked_image_image0416artwork.png,33.03766681051234,0.9794076019676007,0.998894382421627
352,extracted_from_watermarked_image_image0417artwork.png,40.54249259928063,0.9852465676772523,0.9997891544536136
353,extracted_from_watermarked_image_image0418artwork.png,17.887505241824528,0.9274186529683175,0.9643356310275897
354,extracted_from_watermarked_image_image0419artwork.png,24.271989937162726,0.9577601804302213,0.9900864218337513
355,extracted_from_watermarked_image_image0420artwork.png,33.81978475467146,0.9810168273585308,0.9990078246237802
356,extracted_from_watermarked_image_image0421artwork.png,17.88387495136349,0.9150714935063995,0.9666865053363315
357,extracted_from_watermarked_image_image0422artwork.png,37.03662658402227,0.9822827836590632,0.9995084668370309
358,extracted_from_watermarked_image_image0424artwork.png,37.69239856730994,0.9852415948414976,0.9995871971889188
359,extracted_from_watermarked_image_image0425artwork.png,20.94041628776027,0.9431773117927067,0.9806362703776934
360,extracted_from_watermarked_image_image0426artwork.png,41.83064546944766,0.9869326330915668,0.9998482915187097
361,extracted_from_watermarked_image_image0427artwork.png,35.69469124597318,0.9854502593769044,0.9993352187328581
362,extracted_from_watermarked_image_image0429artwork.png,17.929454941488885,0.9339365158920713,0.9630053633694687
363,extracted_from_watermarked_image_image0429artwork.png,38.02397874589303,0.9827367797551716,0.999614227228721
364,extracted_from_watermarked_image_image0430artwork.png,27.44725369099454,0.9732961778553474,0.9954570407662489
365,extracted_from_watermarked_image_image0432artwork.png,23.677833320511542,0.9783452128510571,0.9886182036861311
366,extracted_from_watermarked_image_image0433artwork.png,39.02353152218754,0.9849069566913548,0.9997023953126845
367,extracted_from_watermarked_image_image0435artwork.png,39.728770330406064,0.9857650914474808,0.9997432116108571
368,extracted_from_watermarked_image_image0436artwork.png,18.46690343070916,0.9444826405618466,0.9717087473325985
369,extracted_from_watermarked_image_image0437artwork.png,25.092587790554482,0.978266288061843,0.9926344999334902
370,extracted_from_watermarked_image_image0438artwork.png,22.186460844039132,0.9483691906313956,0.9844557695045776
371,extracted_from_watermarked_image_image0439artwork.png,33.75710740484929,0.9852331176172408,0.9990574525216771
372,extracted_from_watermarked_image_image0440artwork.png,39.856446144478134,0.9827353019906582,0.9997498167482101
373,extracted_from_watermarked_image_image0441artwork.png,40.29985772653028,0.9860563130525447,0.999780514523983
374,extracted_from_watermarked_image_image0442artwork.png,42.2649012621844,0.9902665389865432,0.9998606771542764
375,extracted_from_watermarked_image_image0443artwork.png,22.262155285644013,0.9374242139664662,0.9883432727706054
376,extracted_from_watermarked_image_image0444artwork.png,20.157656986264275,0.9671014074273048,0.9770706375692554
377,extracted_from_watermarked_image_image0445artwork.png,38.99739154620449,0.9840428823782806,0.9996945724507659
378,extracted_from_watermarked_image_image0446artwork.png,40.67607063071372,0.9840309902955596,0.9998015992599433
379,extracted_from_watermarked_image_image0447artwork.png,34.03661321278521,0.9841022032760116,0.9991596667581191
380,extracted_from_watermarked_image_image0448artwork.png,40.46122702332491,0.9873606446333906,0.9997867685717438
381,extracted_from_watermarked_image_image0449artwork.png,41.84591650350324,0.9884078634318647,0.9998426779964755
382,extracted_from_watermarked_image_image0450artwork.png,37.82843904449852,0.9844817992787411,0.9996087163998589
383,extracted_from_watermarked_image_image0451artwork.png,32.86518984433223,0.9656028983756074,0.9989332026521781
384,extracted_from_watermarked_image_image0452artwork.png,39.7946267950133,0.9849133595885681,0.9997493905803141
385,extracted_from_watermarked_image_image0453artwork.png,42.16676576174048,0.9879642600967,0.9998589993431433
386,extracted_from_watermarked_image_image0455artwork.png,25.07332351471614,0.9784710739028283,0.9923581934506295
387,extracted_from_watermarked_image_image0456artwork.png,31.53920865441236,0.970954788743092,0.9982248690918927
388,extracted_from_watermarked_image_image0457artwork.png,40.44192823105451,0.9851461302501511,0.9997829871460834
389,extracted_from_watermarked_image_image0458artwork.png,40.67200800663913,0.9833739183768523,0.9997994444982747
390,extracted_from_watermarked_image_image0459artwork.png,29.45078788901736,0.9832736462477167,0.9970331274314334
391,extracted_from_watermarked_image_image0460artwork.png,13.630640271060955,0.7147936981264863,0.9163772547068426
392,extracted_from_watermarked_image_image0461artwork.png,16.437961660986918,0.8476794476764969,0.949373163469615
393,extracted_from_watermarked_image_image0463artwork.png,40.9082573765629,0.9866761871983135,0.9998050761728628
394,extracted_from_watermarked_image_image0464artwork.png,18.060813324932475,0.9744644077441894,0.9624201052671253
395,extracted_from_watermarked_image_image0465artwork.png,32.77632119221569,0.9807942019817996,0.9986998942306188
396,extracted_from_watermarked_image_image0466artwork.png,19.97923040715499,0.8971608468630139,0.9770578274849495
397,extracted_from_watermarked_image_image0467artwork.png,16.2328429072976,0.9419666925283529,0.9443550014496197
398,extracted_from_watermarked_image_image0468artwork.png,41.4848857217655,0.9857304028300674,0.999830138100195
399,extracted_from_watermarked_image_image0469artwork.png,27.879879395952006,0.9723659770602947,0.9959628499913764
400,extracted_from_watermarked_image_image0470artwork.png,19.90138619202505,0.9750236736033185,0.9757546211445399
401,extracted_from_watermarked_image_image0471artwork.png,21.292945352607372,0.9360406560737067,0.9823973799748298
402,extracted_from_watermarked_image_image0472artwork.png,37.60911151693469,0.9853055963681278,0.9995737825262502
403,extracted_from_watermarked_image_image0473artwork.png,25.34116241219238,0.9788063847686838,0.9931622966120374
404,extracted_from_watermarked_image_image0474artwork.png,30.064411710728255,0.9679993334711804,0.997412808261992
405,extracted_from_watermarked_image_image0475artwork.png,26.843360041540723,0.9774193830714818,0.9951249781021395
406,extracted_from_watermarked_image_image0476artwork.png,40.47066636986379,0.9853082538714557,0.9997889920656506
407,extracted_from_watermarked_image_image0477artwork.png,16.33260401200813,0.8376390846324459,0.9464763251684445
408,extracted_from_watermarked_image_image0478artwork.png,39.329406678545325,0.9841262174903016,0.9997101805350155
409,extracted_from_watermarked_image_image0479artwork.png,40.767461185701436,0.9861959116176209,0.9997938265816606
410,extracted_from_watermarked_image_image0480artwork.png,39.37906014678565,0.9864017586471553,0.9997262648246142
411,extracted_from_watermarked_image_image0481artwork.png,22.95819582788322,0.9696616851126251,0.9873414046798564
412,extracted_from_watermarked_image_image0483artwork.png,16.619797693655787,0.960349438501908,0.9486473551624904
413,extracted_from_watermarked_image_image0484artwork.png,23.827524639686875,0.9646039814578714,0.9897899190862058
414,extracted_from_watermarked_image_image0485artwork.png,29.242038942585673,0.9735154716714636,0.996988944936696
415,extracted_from_watermarked_image_image0487artwork.png,40.51352152182868,0.9837217938951399,0.9997913887345204
416,extracted_from_watermarked_image_image0488artwork.png,41.45864612708965,0.9867617280308112,0.9998267039670528
417,extracted_from_watermarked_image_image0489artwork.png,35.9489440882278,0.9850125919149679,0.9993561640315527
418,extracted_from_watermarked_image_image0490artwork.png,40.641658862734786,0.987219394062269,0.9997879762832972
419,extracted_from_watermarked_image_image0491artwork.png,33.52631814126736,0.9810413427410617,0.9989168274819464
420,extracted_from_watermarked_image_image0492artwork.png,30.69269073419829,0.9722367874164487,0.9980201478583739
421,extracted_from_watermarked_image_image0493artwork.png,24.074159053517597,0.9550104671580746,0.9911598219726938
422,extracted_from_watermarked_image_image0494artwork.png,40.760462078918174,0.9864871221628649,0.9998005022849586
423,extracted_from_watermarked_image_image0496artwork.png,41.41445968713897,0.98476788003719,0.9998253527693746
424,extracted_from_watermarked_image_image0497artwork.png,40.06366153101136,0.9833421105530987,0.9997681767775782
425,extracted_from_watermarked_image_image0498artwork.png,41.52948908147117,0.9869598623448783,0.9998342276903387
426,extracted_from_watermarked_image_image0499artwork.png,14.037294527588635,0.8867299978994304,0.925365985552367
427,extracted_from_watermarked_image_image0500artwork.png,31.942426623599776,0.9797018794004596,0.9984125734683312
428,extracted_from_watermarked_image_image0501artwork.png,40.28497425983943,0.9843843985501718,0.9997783522843376
429,extracted_from_watermarked_image_image0502artwork.png,33.01514659075261,0.9842067771743835,0.9986850231246096
430,extracted_from_watermarked_image_image0503artwork.png,40.19331798817649,0.9824993166691599,0.9997775868599573
431,extracted_from_watermarked_image_image0504artwork.png,22.8347073848092,0.9460860266583272,0.9869134211091445
432,extracted_from_watermarked_image_image0505artwork.png,41.37220901965478,0.9870418148083734,0.9998260248576274
433,extracted_from_watermarked_image_image0506artwork.png,34.045654700663,0.9816708631877376,0.9990682259629405
434,extracted_from_watermarked_image_image0507artwork.png,40.558286938112744,0.9837663736685881,0.9997951322808422
435,extracted_from_watermarked_image_image0508artwork.png,29.973789837690465,0.9653258974538447,0.997516656787242
436,extracted_from_watermarked_image_image0509artwork.png,39.30525437354958,0.9849035460982645,0.9997209074647363
437,extracted_from_watermarked_image_image0510artwork.png,17.055261545662617,0.9645474983509668,0.9535130052192696
438,extracted_from_watermarked_image_image0511artwork.png,40.876749861261516,0.9862954504720606,0.9998102610329577
439,extracted_from_watermarked_image_image0513artwork.png,25.152614532117358,0.968671997189874,0.9921243144821419
440,extracted_from_watermarked_image_image0514artwork.png,31.862743509371306,0.9799055939392552,0.9984167313116358
441,extracted_from_watermarked_image_image0516artwork.png,20.520998661597392,0.9668742365996444,0.9770281696354899
442,extracted_from_watermarked_image_image0517artwork.png,37.98402345412097,0.9821658960987821,0.9996320547835055
443,extracted_from_watermarked_image_image0518artwork.png,38.366085832414775,0.9862887754765817,0.9996328099401209
444,extracted_from_watermarked_image_image0519artwork.png,15.036444846606436,0.8361794940752006,0.9267486923564924
445,extracted_from_watermarked_image_image0520artwork.png,19.94393427143824,0.9668640975425097,0.9793725220968212
446,extracted_from_watermarked_image_image0521artwork.png,34.24191338383207,0.9768948554549478,0.9991345087486725
447,extracted_from_watermarked_image_image0522artwork.png,38.7514671456187,0.9866699566330076,0.9996843470611572
448,extracted_from_watermarked_image_image0524artwork.png,28.12374075979926,0.9831068020081423,0.9965277666144202
449,extracted_from_watermarked_image_image0525artwork.png,27.784278860425744,0.9778758542277491,0.9958401363651235
450,extracted_from_watermarked_image_image0526artwork.png,41.83462404349706,0.9864452379262291,0.9998440281057585
451,extracted_from_watermarked_image_image0528artwork.png,31.19455875732549,0.9799553859015644,0.997992263252019
452,extracted_from_watermarked_image_image0529artwork.png,40.830176280134786,0.984459246791368,0.9998032097492421
453,extracted_from_watermarked_image_image0530artwork.png,26.403450086985657,0.9823397851156269,0.9946078434968079
454,extracted_from_watermarked_image_image0530artwork.png,34.301386400586196,0.9833567547051866,0.9992044542059993
455,extracted_from_watermarked_image_image0531artwork.png,32.10864888283273,0.9819467212992787,0.998420131964662
456,extracted_from_watermarked_image_image0532artwork.png,22.529907308858963,0.9549738596289669,0.9870087037879152
457,extracted_from_watermarked_image_image0534artwork.png,41.8860085936177,0.9886813588749247,0.9998480422225127
458,extracted_from_watermarked_image_image0534artwork.png,37.798870503491486,0.9862298925481413,0.9996342094045778
459,extracted_from_watermarked_image_image0535artwork.png,38.669557416507644,0.9824186737371289,0.9996644071617427
460,extracted_from_watermarked_image_image0536artwork.png,43.16199340247482,0.9901919618412952,0.9998855052822219
461,extracted_from_watermarked_image_image0537artwork.png,40.52160415558188,0.9857311782583791,0.999786396267805
462,extracted_from_watermarked_image_image0538artwork.png,41.24091947271542,0.9864859956920894,0.9998215611045138
463,extracted_from_watermarked_image_image0540artwork.png,28.732833281938316,0.9725829941626339,0.9966319583657731
464,extracted_from_watermarked_image_image0541artwork.png,29.600812549971742,0.9798385385566927,0.9973756091023873
465,extracted_from_watermarked_image_image0542artwork.png,41.00225773115533,0.9845708538861434,0.9998029436468076
466,extracted_from_watermarked_image_image0543artwork.png,18.725504198733486,0.8882375966829548,0.9683377174825026
467,extracted_from_watermarked_image_image0544artwork.png,32.45505710698243,0.972463197307687,0.9986080244894363
468,extracted_from_watermarked_image_image0545artwork.png,27.328553960117915,0.9790071263890593,0.9968038443214873
469,extracted_from_watermarked_image_image0547artwork.png,42.6925473599471,0.9892317777960568,0.9998704488099094
470,extracted_from_watermarked_image_image0548artwork.png,33.977917592575075,0.9766659982591056,0.9989851379769856
471,extracted_from_watermarked_image_image0549artwork.png,25.820895748468264,0.988299934924855,0.9929778330011575
472,extracted_from_watermarked_image_image0550artwork.png,25.82662209758262,0.982418540975922,0.9931377326023546
473,extracted_from_watermarked_image_image0551artwork.png,30.83362568460263,0.97945958103336,0.9978988290781384
474,extracted_from_watermarked_image_image0552artwork.png,40.1649970435967,0.985783264430053,0.9997747081754101
475,extracted_from_watermarked_image_image0553artwork.png,39.03483245185076,0.9862095110876693,0.9996888083242579
476,extracted_from_watermarked_image_image0554artwork.png,36.96232307911408,0.9842620232832456,0.9994899760908269
477,extracted_from_watermarked_image_image0555artwork.png,40.86585562583362,0.9852911578236658,0.9998044122833304
478,extracted_from_watermarked_image_image0557artwork.png,39.60791817447552,0.9844227856262514,0.9997393326113487
479,extracted_from_watermarked_image_image0558artwork.png,29.95681570970779,0.9701785340569286,0.9974433771405948
480,extracted_from_watermarked_image_image0559artwork.png,18.29483141836111,0.89014330236604,0.9604534494863382
481,extracted_from_watermarked_image_image0560artwork.png,40.572650342863085,0.9924196620060295,0.9997763751300008
482,extracted_from_watermarked_image_image0561artwork.png,42.35856427435448,0.9895921647277417,0.9998600734273332
483,extracted_from_watermarked_image_image0562artwork.png,33.99212206263117,0.9811977524183445,0.9992273330277247
484,extracted_from_watermarked_image_image0563artwork.png,39.290088636514845,0.9835625640444464,0.9997199404076332
485,extracted_from_watermarked_image_image0564artwork.png,36.85288237426026,0.9810212154523444,0.999501968281654
486,extracted_from_watermarked_image_image0565artwork.png,21.921165271098076,0.931542038566171,0.9831336570145582
487,extracted_from_watermarked_image_image0566artwork.png,38.87688356263515,0.9831559669157119,0.9996841448545559
488,extracted_from_watermarked_image_image0567artwork.png,40.68395279612727,0.9862229378532863,0.9997927189899951
489,extracted_from_watermarked_image_image0568artwork.png,34.399000737809615,0.9588352169351397,0.99921304616819
490,extracted_from_watermarked_image_image0569artwork.png,40.5262646260278,0.9870787706030794,0.999786414545384
491,extracted_from_watermarked_image_image0570artwork.png,18.9565161261365,0.901769366356168,0.9717040465671252
492,extracted_from_watermarked_image_image0572artwork.png,42.20127655526076,0.9911301990418152,0.9998537930937287
493,extracted_from_watermarked_image_image0574artwork.png,40.801057939957886,0.9847444336112622,0.9998014584281998
494,extracted_from_watermarked_image_image0575artwork.png,23.23840315201991,0.9484124478379169,0.9877524698554628
495,extracted_from_watermarked_image_image0577artwork.png,39.09213523632087,0.9849319070589565,0.999706685757205
496,extracted_from_watermarked_image_image0579artwork.png,40.11581966565658,0.9858790240298624,0.9997743313270577
497,extracted_from_watermarked_image_image0580artwork.png,41.37757988991969,0.9847038299035648,0.9998290714858392
498,extracted_from_watermarked_image_image0581artwork.png,23.512379685496533,0.9524106892277895,0.9886089772338802
499,extracted_from_watermarked_image_image0583artwork.png,37.85436162304624,0.9831353786478361,0.9996009328877024
500,extracted_from_watermarked_image_image0584artwork.png,39.72897458413069,0.980988832719655,0.9997616141094541
501,extracted_from_watermarked_image_image0585artwork.png,40.712806285246465,0.9856961751156512,0.9997986379217323
502,extracted_from_watermarked_image_image0586artwork.png,33.33651461123594,0.9797318063357717,0.9988536827995954
503,extracted_from_watermarked_image_image0587artwork.png,34.88966780670622,0.9848439156127569,0.9991635609172563
504,extracted_from_watermarked_image_image0588artwork.png,34.7583564786271,0.9775805252894209,0.9992584575142712
505,extracted_from_watermarked_image_image0589artwork.png,33.73033683553641,0.9795417449180147,0.9989910725476887
506,extracted_from_watermarked_image_image0590artwork.png,27.990191818322828,0.9737614934456521,0.9968099408373841
507,extracted_from_watermarked_image_image0591artwork.png,33.576654271506115,0.9682789688743852,0.998907358322657
508,extracted_from_watermarked_image_image0592artwork.png,30.463379324578664,0.9776461349307279,0.9976105652241364
509,extracted_from_watermarked_image_image0595artwork.png,37.638042786191996,0.9858021491508383,0.9995674595063443
510,extracted_from_watermarked_image_image0596artwork.png,15.75674171221554,0.8969869566235925,0.9513554097661552
511,extracted_from_watermarked_image_image0597artwork.png,40.41051048510886,0.9876266522988127,0.9997830262782705
512,extracted_from_watermarked_image_image0598artwork.png,38.43286003722429,0.9828592540461888,0.9996547822093145
513,extracted_from_watermarked_image_image0601artwork.png,40.253284766611884,0.9823465743142691,0.9997774552044648
514,extracted_from_watermarked_image_image0601artwork.png,24.717373029143022,0.9802783049146301,0.9910810597226156
515,extracted_from_watermarked_image_image0602artwork.png,39.29563093540259,0.9842499031509849,0.9997091131221502
516,extracted_from_watermarked_image_image0603artwork.png,37.37507264279964,0.9856903063805871,0.9995664025690071
517,extracted_from_watermarked_image_image0604artwork.png,39.9717589400847,0.9829388033957239,0.9997667106071524
518,extracted_from_watermarked_image_image0605artwork.png,38.6987834819547,0.9848762261547822,0.9996768891439142
519,extracted_from_watermarked_image_image0606artwork.png,32.29271495714538,0.9775423958448476,0.9984546417994582
520,extracted_from_watermarked_image_image0607artwork.png,35.62855781665496,0.9791107105893441,0.9992856539488425
521,extracted_from_watermarked_image_image0609artwork.png,23.790757516372146,0.967547120787415,0.9902371807635145
522,extracted_from_watermarked_image_image0609artwork.png,24.08634198392475,0.987803117644028,0.9898252933676592
523,extracted_from_watermarked_image_image0610artwork.png,40.685734621532994,0.9848226322397177,0.9997979705080158
524,extracted_from_watermarked_image_image0611artwork.png,15.514939677840609,0.8063812113075904,0.9227155202154071
525,extracted_from_watermarked_image_image0612artwork.png,40.417924716575584,0.9880723412328818,0.9997840870956851
526,extracted_from_watermarked_image_image0613artwork.png,34.26031351331132,0.9825539069344297,0.999069973211461
527,extracted_from_watermarked_image_image0614artwork.png,36.837215812995446,0.9868852045587296,0.9994657818536397
528,extracted_from_watermarked_image_image0615artwork.png,37.96193855670986,0.9720914689975279,0.9996401950420004
529,extracted_from_watermarked_image_image0616artwork.png,29.505580545171103,0.9747742448215919,0.9975698961716155
530,extracted_from_watermarked_image_image0617artwork.png,29.26330837000672,0.9643799573935534,0.9971367796754294
531,extracted_from_watermarked_image_image0618artwork.png,28.300910812514537,0.9630592755992852,0.9962091236871454
532,extracted_from_watermarked_image_image0619artwork.png,39.636217566289616,0.9834896085548509,0.9997397190357219
533,extracted_from_watermarked_image_image0620artwork.png,41.31209297347449,0.9860594292734634,0.99982471377363
534,extracted_from_watermarked_image_image0621artwork.png,23.66912555978263,0.9791167261251172,0.9892185215726863
535,extracted_from_watermarked_image_image0622artwork.png,36.650882029055566,0.9606661686747301,0.999564801111128
536,extracted_from_watermarked_image_image0623artwork.png,34.52965928396905,0.9747182196757865,0.9991157574526939
537,extracted_from_watermarked_image_image0624artwork.png,27.563566025249308,0.9593696245689279,0.9952992755988221
538,extracted_from_watermarked_image_image0625artwork.png,35.49970036190706,0.9824386051202448,0.999319299741175
539,extracted_from_watermarked_image_image0626artwork.png,36.530403579035806,0.9817734512914887,0.9994739211440918
540,extracted_from_watermarked_image_image0627artwork.png,36.481681876014804,0.9811779837245235,0.9994799295596022
541,extracted_from_watermarked_image_image0628artwork.png,30.2644075703834,0.983131815747157,0.9975592477183357
542,extracted_from_watermarked_image_image0629artwork.png,28.31553440389261,0.9629818106624081,0.996110339974007
543,extracted_from_watermarked_image_image0630artwork.png,18.042140202721598,0.9216320227303321,0.9609946117199993
544,extracted_from_watermarked_image_image0631artwork.png,33.84743051339111,0.9807566573608292,0.9989269422561218
545,extracted_from_watermarked_image_image0632artwork.png,41.167194209503236,0.9867475161063807,0.9998201126079674
546,extracted_from_watermarked_image_image0633artwork.png,32.15632289061347,0.9840296046336275,0.998520829846589
547,extracted_from_watermarked_image_image0634artwork.png,35.67127735282677,0.9863568570312307,0.9993196225837816
548,extracted_from_watermarked_image_image0635artwork.png,29.841411663673433,0.9848495293153422,0.9975451609886099
549,extracted_from_watermarked_image_image0636artwork.png,40.69976017407997,0.986791418458913,0.999794036539704
550,extracted_from_watermarked_image_image0637artwork.png,38.384631392574015,0.9872548821266139,0.9996307085211437
551,extracted_from_watermarked_image_image0638artwork.png,41.693642984487774,0.9879422612340663,0.9998421984970142
552,extracted_from_watermarked_image_image0639artwork.png,32.34063825773392,0.977014470474684,0.9985173911969152
553,extracted_from_watermarked_image_image0640artwork.png,25.33177959822476,0.9611397252647355,0.9934806527669636
554,extracted_from_watermarked_image_image0641artwork.png,17.846499734369097,0.9283595088510351,0.9649850016403962
555,extracted_from_watermarked_image_image0642artwork.png,26.645435775112606,0.982305080151545,0.9950900069803906
556,extracted_from_watermarked_image_image0643artwork.png,22.83510411652385,0.9620919610584643,0.989136101495673
557,extracted_from_watermarked_image_image0644artwork.png,40.29752881998636,0.9850565757803627,0.9997790385994303
558,extracted_from_watermarked_image_image0645artwork.png,38.26737326152249,0.9845497855799682,0.9996216861302455
559,extracted_from_watermarked_image_image0646artwork.png,25.055293097877865,0.9650629951740072,0.9948220670769378
560,extracted_from_watermarked_image_image0647artwork.png,40.504721225364506,0.9840351594271918,0.9997907592570252
561,extracted_from_watermarked_image_image0648artwork.png,26.82317452764376,0.9754216902461059,0.9947147892002618
562,extracted_from_watermarked_image_image0649artwork.png,40.882340436784474,0.9887570598839227,0.9998024949550669
563,extracted_from_watermarked_image_image0651artwork.png,17.289220001016986,0.9288645181397137,0.957770730143149
564,extracted_from_watermarked_image_image0652artwork.png,40.975503271871425,0.9844787945203057,0.999808497417308
565,extracted_from_watermarked_image_image0653artwork.png,26.936023725451307,0.9671485345671892,0.994783801118941
566,extracted_from_watermarked_image_image0654artwork.png,41.49407649442323,0.9871714182745972,0.9998319593491232
567,extracted_from_watermarked_image_image0655artwork.png,16.661388862824108,0.9489321293713079,0.948350413921869
568,extracted_from_watermarked_image_image0656artwork.png,32.642041125116094,0.9719672499965216,0.998631728780991
569,extracted_from_watermarked_image_image0657artwork.png,37.86259394111537,0.9862550221903982,0.9995932586003443
570,extracted_from_watermarked_image_image0658artwork.png,29.72164788665342,0.9654808434896136,0.9972292192588683
571,extracted_from_watermarked_image_image0659artwork.png,33.002193725191205,0.9870790754975496,0.9989194214510075
572,extracted_from_watermarked_image_image0660artwork.png,25.481334783437934,0.9654445210292116,0.9932014540902349
573,extracted_from_watermarked_image_image0661artwork.png,34.13210677939725,0.9812658276648957,0.9991370775138831
574,extracted_from_watermarked_image_image0662artwork.png,27.59178238057006,0.9806160203494785,0.9954546655350771
575,extracted_from_watermarked_image_image0663artwork.png,41.45226279497285,0.9887649429870041,0.9998276260312585
576,extracted_from_watermarked_image_image0664artwork.png,41.143931924141796,0.985782971362569,0.9998170471319653
577,extracted_from_watermarked_image_image0665artwork.png,30.191863461189406,0.9821751154582339,0.9974491990023995
578,extracted_from_watermarked_image_image0666artwork.png,32.51527908935793,0.9817244143236777,0.998743890120115
579,extracted_from_watermarked_image_image0668artwork.png,32.60524623241703,0.9463609598148578,0.9989307129534531
580,extracted_from_watermarked_image_image0670artwork.png,30.58820640529745,0.974107570676405,0.997854335811563
581,extracted_from_watermarked_image_image0671artwork.png,38.9238037555157,0.983738748599697,0.9996914980875689
582,extracted_from_watermarked_image_image0672artwork.png,16.396202588837262,0.9416480540003865,0.9454216340013822
583,extracted_from_watermarked_image_image0674artwork.png,18.97928641506476,0.9125827391171731,0.9718090650621992
584,extracted_from_watermarked_image_image0675artwork.png,32.517724058826154,0.9813803776170387,0.9985810249607637
585,extracted_from_watermarked_image_image0676artwork.png,36.35897199552958,0.979182813085948,0.9994003020723389
586,extracted_from_watermarked_image_image0677artwork.png,18.671904290593123,0.9307681286174248,0.9741571036797654
587,extracted_from_watermarked_image_image0678artwork.png,38.71395563894688,0.9843053470886535,0.9996643672348206
588,extracted_from_watermarked_image_image0679artwork.png,34.00014278076042,0.9850284530672346,0.9989596268244249
589,extracted_from_watermarked_image_image0680artwork.png,40.326261529084874,0.9825401410118636,0.9997776166549445
590,extracted_from_watermarked_image_image0681artwork.png,30.01652860608274,0.9848888285481433,0.9975077850969095
591,extracted_from_watermarked_image_image0682artwork.png,25.697427071175593,0.9737645348181013,0.9941464557522822
592,extracted_from_watermarked_image_image0683artwork.png,40.84679017073013,0.983145002693193,0.9998041430425056
593,extracted_from_watermarked_image_image0684artwork.png,21.54286686337498,0.953336660700034,0.9833084350946338
594,extracted_from_watermarked_image_image0685artwork.png,39.269459655884525,0.9785674190619478,0.9997373477795582
595,extracted_from_watermarked_image_image0687artwork.png,26.660636019533204,0.952402724221194,0.995100341896373
596,extracted_from_watermarked_image_image0689artwork.png,40.59603032103894,0.9843333703911182,0.9997947933607947
597,extracted_from_watermarked_image_image0690artwork.png,40.48985019935706,0.9857275164223399,0.9997892220329457
598,extracted_from_watermarked_image_image0691artwork.png,16.142571489679373,0.902023932130108,0.943976421798564
599,extracted_from_watermarked_image_image0692artwork.png,38.16971329184204,0.9847450641763738,0.9996307944574394
600,extracted_from_watermarked_image_image0693artwork.png,37.008258761683976,0.9885084793315245,0.999494844852312
601,extracted_from_watermarked_image_image0694artwork.png,32.81406061917731,0.9771905207762748,0.9986531606338944
602,extracted_from_watermarked_image_image0695artwork.png,41.74695114087858,0.9858014947632493,0.9998416753683117
603,extracted_from_watermarked_image_image0696artwork.png,39.462778489625336,0.9841029511621805,0.9997298663903738
604,extracted_from_watermarked_image_image0697artwork.png,37.56098629863701,0.9830662602496526,0.9995765204530436
605,extracted_from_watermarked_image_image0700artwork.png,35.00699399461959,0.9795882737557718,0.9991898690268117
606,extracted_from_watermarked_image_image0702artwork.png,37.47468556024945,0.9814842289259529,0.9995595309939609
607,extracted_from_watermarked_image_image0703artwork.png,34.963757757256246,0.98415512331548,0.9991954868481933
608,extracted_from_watermarked_image_image0704artwork.png,36.14035122070911,0.9823972435049041,0.999406965350541
609,extracted_from_watermarked_image_image0705artwork.png,32.07503881324318,0.9789484316294089,0.9987457775960514
610,extracted_from_watermarked_image_image0707artwork.png,39.761162157369576,0.9810958469511698,0.9997623433425297
611,extracted_from_watermarked_image_image0708artwork.png,41.46229796234289,0.9865782527440979,0.999829715013052
612,extracted_from_watermarked_image_image0711artwork.png,23.80234722800628,0.9542102522570857,0.9909534674249553
613,extracted_from_watermarked_image_image0713artwork.png,38.517334354434155,0.98072221735744,0.9996613459523027
614,extracted_from_watermarked_image_image0716artwork.png,20.1611077275042,0.9639790296240628,0.9749754192589188
615,extracted_from_watermarked_image_image0717artwork.png,32.51217634861385,0.9810990662885753,0.9987800324310224
616,extracted_from_watermarked_image_image0718artwork.png,20.017187742791407,0.940134207395543,0.9738375212479313
617,extracted_from_watermarked_image_image0720artwork.png,18.99499489793739,0.9333769324086726,0.9735793591604243
618,extracted_from_watermarked_image_image0723artwork.png,23.757851096928032,0.9566160862197938,0.9889942413752848
619,extracted_from_watermarked_image_image0724artwork.png,25.450673298343837,0.966588993875277,0.9924399959326345
620,extracted_from_watermarked_image_image0725artwork.png,39.58276342866594,0.9881503395176656,0.9997238720984456
621,extracted_from_watermarked_image_image0726artwork.png,18.364627981910285,0.8978145015993939,0.9651511913184805
622,extracted_from_watermarked_image_image0727artwork.png,14.704781748327942,0.8005436025103339,0.9413477647170085
623,extracted_from_watermarked_image_image0728artwork.png,23.02425844877718,0.9309401615265167,0.9867741767137242
624,extracted_from_watermarked_image_image0729artwork.png,21.268681233603314,0.9445295907707715,0.9820838288888442
625,extracted_from_watermarked_image_image0730artwork.png,36.11841530791314,0.986508824593043,0.9994141246719459
626,extracted_from_watermarked_image_image0731artwork.png,35.102375251329015,0.9837784661733373,0.9992211379902403
627,extracted_from_watermarked_image_image0732artwork.png,24.671421479572622,0.9457568654187761,0.9918027334084851
628,extracted_from_watermarked_image_image0733artwork.png,23.699050073568273,0.9669799886320005,0.9892867739611253
629,extracted_from_watermarked_image_image0735artwork.png,36.188985734965165,0.9834194826949195,0.9994074840906381
630,extracted_from_watermarked_image_image0736artwork.png,19.838530403125628,0.8988100597827716,0.9734551516973613
631,extracted_from_watermarked_image_image0736artwork.png,28.48040432902264,0.9834047926455983,0.9979752532763649
632,extracted_from_watermarked_image_image0737artwork.png,30.806682754443308,0.9772383730955737,0.9978664952200715
633,extracted_from_watermarked_image_image0739artwork.png,15.942048073329653,0.8774842612323969,0.950579524716846
634,extracted_from_watermarked_image_image0741artwork.png,21.315423439256097,0.9219258112901366,0.9839285744711435
635,extracted_from_watermarked_image_image0741artwork.png,28.74437848426507,0.976208217467592,0.9965351682556228
636,extracted_from_watermarked_image_image0743artwork.png,37.28583211864571,0.9818646689635514,0.9995589677718011
637,extracted_from_watermarked_image_image0744artwork.png,36.04346211362918,0.9821772688343572,0.9993854202449514
638,extracted_from_watermarked_image_image0745artwork.png,22.04004508959744,0.9135967842074587,0.9840177586236427
639,extracted_from_watermarked_image_image0746artwork.png,11.088739694005703,0.6330031684691236,0.832831139888041
640,extracted_from_watermarked_image_image0747artwork.png,30.562368246639622,0.9698426196903188,0.9978361267591613
641,extracted_from_watermarked_image_image0748artwork.png,36.02096518015036,0.9751840974368976,0.9993820721511866
642,extracted_from_watermarked_image_image0749artwork.png,30.76362324145309,0.9945568881784729,0.9977797621639366
643,extracted_from_watermarked_image_image0751artwork.png,18.855310638836166,0.907841419704755,0.9703984625879135
644,extracted_from_watermarked_image_image0752artwork.png,32.170742079608644,0.9777475902326324,0.9985808453865229
645,extracted_from_watermarked_image_image0753artwork.png,37.03245289302243,0.9905308065515133,0.9994932976004993
646,extracted_from_watermarked_image_image0754artwork.png,19.62964644064221,0.9226499834235597,0.9720842353999248
647,extracted_from_watermarked_image_image0756artwork.png,20.0915470349452,0.9196245826280061,0.974096649013081
648,extracted_from_watermarked_image_image0757artwork.png,18.202233518650136,0.9458007462743675,0.9623849948289703
649,extracted_from_watermarked_image_image0758artwork.png,39.16829798406272,0.9827291761916364,0.9997054646745036
650,extracted_from_watermarked_image_image0760artwork.png,15.75639718639183,0.8664143060177674,0.9525913977430339
651,extracted_from_watermarked_image_image0762artwork.png,28.044095089069753,0.9543357557559986,0.9958645802407162
652,extracted_from_watermarked_image_image0763artwork.png,30.36591049997499,0.9663739515527955,0.9975201212841901
653,extracted_from_watermarked_image_image0764artwork.png,35.98053802215781,0.9795300548911582,0.9993917572270192
654,extracted_from_watermarked_image_image0765artwork.png,27.091430807012866,0.9736256327410411,0.9951882413515285
655,extracted_from_watermarked_image_image0766artwork.png,28.564895839661595,0.9692832963713792,0.9964493657437627
656,extracted_from_watermarked_image_image0767artwork.png,22.87505837884158,0.9094498087967061,0.9859073599605833
657,extracted_from_watermarked_image_image0768artwork.png,37.800442420557225,0.9821486175386379,0.9995960081775969
658,extracted_from_watermarked_image_image0769artwork.png,37.88524680970692,0.9875705520288461,0.9995878435739264
659,extracted_from_watermarked_image_image0774artwork.png,17.071930155392884,0.9624532289173864,0.9526585094101548
660,extracted_from_watermarked_image_image0778artwork.png,16.214472568161142,0.9436932316531625,0.9452534596314609
661,extracted_from_watermarked_image_image0778artwork.png,29.56667755332863,0.9745399585703446,0.9984789099886053
662,extracted_from_watermarked_image_image0780artwork.png,23.954270576154748,0.9524325052220345,0.9902759833653587
663,extracted_from_watermarked_image_image0780artwork.png,23.95531906532738,0.9783531946712859,0.9913135266615303
664,extracted_from_watermarked_image_image0783artwork.png,13.283487407827252,0.7804034749022078,0.9274801840498386
665,extracted_from_watermarked_image_image0785artwork.png,21.86747346230846,0.9277061342796248,0.9824546894700416
666,extracted_from_watermarked_image_image0786artwork.png,18.89653339614466,0.9221497797565008,0.9818337690241086
667,extracted_from_watermarked_image_image0787artwork.png,24.522496256857387,0.9653045834606978,0.9917819465584602
668,extracted_from_watermarked_image_image0788artwork.png,17.998504919797494,0.8930560295802462,0.9777639182571625
669,extracted_from_watermarked_image_image0789artwork.png,21.352361701211965,0.9732811696040006,0.9830185542360986
670,extracted_from_watermarked_image_image0790artwork.png,19.133285912775037,0.9210616901257951,0.970729165048795
671,extracted_from_watermarked_image_image0791artwork.png,27.335528917038477,0.9632784413721921,0.9954201007251163
672,extracted_from_watermarked_image_image0792artwork.png,22.911445995787716,0.9592302165436553,0.9877476829897703
673,extracted_from_watermarked_image_image0794artwork.png,28.80144740714752,0.9779544560951156,0.9966086291177172
674,extracted_from_watermarked_image_image0795artwork.png,36.230497523829484,0.9864772177525799,0.9995368151578825
675,extracted_from_watermarked_image_image0797artwork.png,37.234580853108,0.986177697032676,0.999552704412631
676,extracted_from_watermarked_image_image0798artwork.png,29.701202707075787,0.9814911408907786,0.9972558684090883
677,extracted_from_watermarked_image_image0799artwork.png,24.588881075306745,0.9496175047265295,0.9912315984187122
678,extracted_from_watermarked_image_image0800artwork.png,39.55108235136526,0.9906461098257603,0.9997493140644245
679,extracted_from_watermarked_image_image0801artwork.png,16.112268185494457,0.9314257801666276,0.9505870850863926
680,extracted_from_watermarked_image_image0803artwork.png,14.231702593253285,0.8648152092024287,0.9181326650866772
681,extracted_from_watermarked_image_image0804artwork.png,38.973467208288774,0.982037559911808,0.9996947593742956
682,extracted_from_watermarked_image_image0805artwork.png,27.90713214878361,0.9794269151946726,0.9959227602058883
683,extracted_from_watermarked_image_image0806artwork.png,34.7656460305915,0.9805263364421046,0.9991411367042684
684,extracted_from_watermarked_image_image0810artwork.png,11.500933520534975,0.643229474568866,0.9110652537179679
685,extracted_from_watermarked_image_image0811artwork.png,21.363284206494427,0.9311642763590823,0.9820831796534635
686,extracted_from_watermarked_image_image0813artwork.png,14.658723555199893,0.8829904936983984,0.9266522921494134
687,extracted_from_watermarked_image_image0814artwork.png,38.13717000828343,0.9817707304465731,0.9996252578061514
688,extracted_from_watermarked_image_image0815artwork.png,41.87561596143305,0.9921233856569166,0.9998362412243286
689,extracted_from_watermarked_image_image0816artwork.png,37.242063034563955,0.9832982600394464,0.9995261486457455
690,extracted_from_watermarked_image_image0817artwork.png,38.25324511466373,0.9838716356851814,0.9996410386331374
691,extracted_from_watermarked_image_image0818artwork.png,25.010149038175765,0.9495344722690883,0.9917302291494092
692,extracted_from_watermarked_image_image0819artwork.png,15.972364245675681,0.8970331980473247,0.9389934163586271
693,extracted_from_watermarked_image_image0821artwork.png,10.68289295679849,0.602839020164459,0.9992996211128409
694,extracted_from_watermarked_image_image0825artwork.png,40.27592959537138,0.982475878472972,0.9997770626549429
695,extracted_from_watermarked_image_image0825artwork.png,41.396130560824105,0.983956941119251,0.999827649813231
696,extracted_from_watermarked_image_image0828artwork.png,26.06377434326422,0.9644338865247682,0.9938013755814734
697,extracted_from_watermarked_image_image0830artwork.png,35.321299002398305,0.9760931196444697,0.9992398813826187
698,extracted_from_watermarked_image_image0833artwork.png,27.499063647380567,0.9646153316880781,0.9955228278072502
699,extracted_from_watermarked_image_image0834artwork.png,22.920436339078563,0.9220255334034834,0.9883578906403632
700,extracted_from_watermarked_image_image0834artwork.png,31.05612760811397,0.9763613128503467,0.9980781171005711
701,extracted_from_watermarked_image_image0834artwork.png,26.011165806989535,0.9790003556516845,0.9937262239402174
702,extracted_from_watermarked_image_image0835artwork.png,19.149405176513884,0.9309309004604254,0.9794900955374356
703,extracted_from_watermarked_image_image0837artwork.png,24.386691715382103,0.9498775264645841,0.9905729588187814
704,extracted_from_watermarked_image_image0838artwork.png,35.642246169942744,0.9867538815258704,0.9993538764145735
705,extracted_from_watermarked_image_image0839artwork.png,32.65925250109412,0.9715942496800002,0.9986087260112643
706,extracted_from_watermarked_image_image0840artwork.png,22.027044205644994,0.9533063843835845,0.9965055176116115
707,extracted_from_watermarked_image_image0842artwork.png,36.98083435666455,0.9806748689213066,0.9995036426392135
708,extracted_from_watermarked_image_image0842artwork.png,40.61728070506689,0.9868477444933967,0.9997937237334972
709,extracted_from_watermarked_image_image0844artwork.png,22.853292410708193,0.9500566236057378,0.9883620572707499
710,extracted_from_watermarked_image_image0845artwork.png,15.79445818180631,0.8412604181105156,0.9374310474287849
711,extracted_from_watermarked_image_image0846artwork.png,38.34375701809186,0.9833104368326214,0.9996406832223586
712,extracted_from_watermarked_image_image0847artwork.png,22.84690569518538,0.9702340712145614,0.9902535282235322
713,extracted_from_watermarked_image_image0848artwork.png,17.374816057999723,0.8739748659646468,0.9629652871959702
714,extracted_from_watermarked_image_image0849artwork.png,37.827120603438296,0.9849621444225588,0.9996026835232524
715,extracted_from_watermarked_image_image0850artwork.png,30.489022818808866,0.971605515117636,0.997746211401953
716,extracted_from_watermarked_image_image0853artwork.png,13.878609448941257,0.8351358989976706,0.9157403140001827
717,extracted_from_watermarked_image_image0854artwork.png,28.96470502815163,0.9767486148855697,0.9967724868003494
718,extracted_from_watermarked_image_image0855artwork.png,35.52623866407595,0.9799212034745519,0.9992887269636707
719,extracted_from_watermarked_image_image0856artwork.png,12.138583678780622,0.6936551958778399,0.8940364541713877
720,extracted_from_watermarked_image_image0857artwork.png,12.927444941104024,0.7575387802949036,0.9070272876270332
721,extracted_from_watermarked_image_image0860artwork.png,22.989954478232242,0.9532871142132228,0.9890536978697558
722,extracted_from_watermarked_image_image0861artwork.png,26.414186479949002,0.9696259227643638,0.9957725735393171
723,extracted_from_watermarked_image_image0862artwork.png,13.753313975135889,0.7847571957974492,0.9759525528584194
724,extracted_from_watermarked_image_image0863artwork.png,18.57195235735268,0.9067618169654342,0.9708977105735404
725,extracted_from_watermarked_image_image0865artwork.png,18.641334395685416,0.8821503586037728,0.967091730942434
726,extracted_from_watermarked_image_image0866artwork.png,25.023794442345555,0.9814085238411115,0.9921448513570423
727,extracted_from_watermarked_image_image0867artwork.png,15.996563431258117,0.9406788559420732,0.9378339015464466
728,extracted_from_watermarked_image_image0868artwork.png,20.26783784507792,0.9505864459641223,0.9766725340479345
729,extracted_from_watermarked_image_image0869artwork.png,40.41218356037422,0.9848270907780102,0.9997830200058772
730,extracted_from_watermarked_image_image0870artwork.png,40.39667260055065,0.9849255402001074,0.9997862888254851
731,extracted_from_watermarked_image_image0871artwork.png,13.079993068190536,0.7877197643311217,0.903734864674015
732,extracted_from_watermarked_image_image0873artwork.png,35.172842630188164,0.9775414111736008,0.9992684670186281
733,extracted_from_watermarked_image_image0875artwork.png,17.54920478872696,0.8955864284071712,0.9667422912973195
734,extracted_from_watermarked_image_image0876artwork.png,27.93296280560156,0.9638616521767362,0.9959341083726053
735,extracted_from_watermarked_image_image0877artwork.png,32.086834291060185,0.9796689569950457,0.9983724151138299
736,extracted_from_watermarked_image_image0878artwork.png,22.34007180740937,0.978019916164257,0.984963886105013
737,extracted_from_watermarked_image_image0880artwork.png,20.353138123926694,0.9295881381271012,0.9772031875587998
738,extracted_from_watermarked_image_image0880artwork.png,15.850498822451591,0.8610001068613501,0.9349176448834748
739,extracted_from_watermarked_image_image0881artwork.png,24.544441813648344,0.959718063815977,0.9916483294124052
740,extracted_from_watermarked_image_image0882artwork.png,21.384389550911784,0.9310386353631488,0.9831378742722638
741,extracted_from_watermarked_image_image0883artwork.png,23.097610254474358,0.9674651411153675,0.9873095759760708
742,extracted_from_watermarked_image_image0884artwork.png,38.147659533475775,0.9820764654887612,0.9996425490801654
743,extracted_from_watermarked_image_image0885artwork.png,31.972830040131583,0.9698675114464583,0.9984487444797548
744,extracted_from_watermarked_image_image0887artwork.png,29.74758148713444,0.9792516726295797,0.9972623374180097
745,extracted_from_watermarked_image_image0888artwork.png,35.826813383214144,0.98299591001701,0.9993775834002647
746,extracted_from_watermarked_image_image0889artwork.png,28.02046277732594,0.9802725610101618,0.9960230545780243
747,extracted_from_watermarked_image_image0891artwork.png,22.00987016644296,0.9225429726716907,0.9835428444760815
748,extracted_from_watermarked_image_image0893artwork.png,15.535426300079605,0.8330704973992321,0.9558138803907713
749,extracted_from_watermarked_image_image0894artwork.png,24.335629845177657,0.9591271334016099,0.9935258198807251
750,extracted_from_watermarked_image_image0896artwork.png,33.770606627895944,0.9922186024459286,0.9988952968150038
751,extracted_from_watermarked_image_image0897artwork.png,18.768414315027805,0.9137485229515424,0.9807845687629573
752,extracted_from_watermarked_image_image0898artwork.png,24.816458145665678,0.985693927569717,0.9915892881147073
753,extracted_from_watermarked_image_image0899artwork.png,11.509608619459648,0.6282859236527268,0.822774927094803
754,extracted_from_watermarked_image_image0901artwork.png,38.25557236761997,0.9840791855543847,0.9996338290139966
755,extracted_from_watermarked_image_image0902artwork.png,42.53733352566546,0.9931999157551156,0.9998539015184984
756,extracted_from_watermarked_image_image0903artwork.png,16.441345359936605,0.9534132323443426,0.9456006104551269
757,extracted_from_watermarked_image_image0904artwork.png,36.85077619341441,0.9793948447377994,0.9994805460420225
758,extracted_from_watermarked_image_image0905artwork.png,32.98828422632518,0.9817770073062685,0.9987044954887497
759,extracted_from_watermarked_image_image0907artwork.png,33.53597561562302,0.9820129079103171,0.9993354026950377
760,extracted_from_watermarked_image_image0907artwork.png,14.076206622353942,0.8526373379885382,0.9191617531757604
761,extracted_from_watermarked_image_image0908artwork.png,16.29656008961411,0.9047515268602235,0.9434885327362937
762,extracted_from_watermarked_image_image0910artwork.png,24.55964754983082,0.9503498400843807,0.9914940362803298
763,extracted_from_watermarked_image_image0910artwork.png,21.66307883973699,0.974876973657119,0.9830965521958563
764,extracted_from_watermarked_image_image0912artwork.png,41.74240253363504,0.9862338706258686,0.9998463237930612
765,extracted_from_watermarked_image_image0913artwork.png,32.02900712172593,0.9699219219717726,0.9983917864960143
766,extracted_from_watermarked_image_image0914artwork.png,23.68335372572702,0.9262987399319647,0.9885724745933333
767,extracted_from_watermarked_image_image0915artwork.png,16.329946394211582,0.928353170556119,0.9613274379586079
768,extracted_from_watermarked_image_image0916artwork.png,16.997082002569673,0.8609111223952581,0.9556582752335454
769,extracted_from_watermarked_image_image0917artwork.png,19.633539166715824,0.8851477667478393,0.9743395459156396
770,extracted_from_watermarked_image_image0918artwork.png,20.090126191027785,0.9633180079593741,0.9769595126251133
771,extracted_from_watermarked_image_image0920artwork.png,22.950357721912464,0.9547219545282051,0.9877133567549254
772,extracted_from_watermarked_image_image0921artwork.png,36.56979808932654,0.9853893437680141,0.9994624784451146
773,extracted_from_watermarked_image_image0922artwork.png,19.488841975107576,0.9459779788408701,0.9751923965665115
774,extracted_from_watermarked_image_image0924artwork.png,15.194989327202123,0.9043640194207957,0.9296088582425359
775,extracted_from_watermarked_image_image0927artwork.png,26.923768580829403,0.9827911523084696,0.9950647841543008
776,extracted_from_watermarked_image_image0928artwork.png,31.08606429574268,0.9642195707798962,0.9979619340615992
777,extracted_from_watermarked_image_image0930artwork.png,21.125459287293967,0.9184245311943702,0.9810357026391578
778,extracted_from_watermarked_image_image0931artwork.png,29.065440072376234,0.9755743521451544,0.997619784746621
779,extracted_from_watermarked_image_image0933artwork.png,29.757171897720312,0.9673019238442567,0.9978726302213018
780,extracted_from_watermarked_image_image0934artwork.png,36.49562983398455,0.9783955684653934,0.9994448584648684
781,extracted_from_watermarked_image_image0935artwork.png,30.505576027592326,0.9809168419612964,0.998306597506523
782,extracted_from_watermarked_image_image0936artwork.png,17.268674891295824,0.8952242535077569,0.9639329950938365
783,extracted_from_watermarked_image_image0938artwork.png,41.107025615875585,0.986358492406477,0.9998135170123184
784,extracted_from_watermarked_image_image0939artwork.png,19.657063505747985,0.9555972864840556,0.9852159027648456
785,extracted_from_watermarked_image_image0940artwork.png,32.56648288521503,0.9793764849908886,0.9986487834225226
786,extracted_from_watermarked_image_image0941artwork.png,14.832632695542747,0.8980569153377042,0.9499500261810883
787,extracted_from_watermarked_image_image0942artwork.png,28.676011970151478,0.9639303306965877,0.99671682819236
788,extracted_from_watermarked_image_image0943artwork.png,19.770813573286574,0.9344424097312539,0.9763414988414435
789,extracted_from_watermarked_image_image0946artwork.png,29.262409359629476,0.9678880219718023,0.9974040059339437
790,extracted_from_watermarked_image_image0947artwork.png,12.596939202733754,0.7601235908213629,0.9115221797653662
791,extracted_from_watermarked_image_image0948artwork.png,18.02218455686017,0.9129113271322647,0.9673803799221514
792,extracted_from_watermarked_image_image0949artwork.png,29.48118359934581,0.9809363048705144,0.997239069101061
793,extracted_from_watermarked_image_image0951artwork.png,35.23829439008703,0.9868226318438355,0.9992304555369124
794,extracted_from_watermarked_image_image0953artwork.png,35.49970036190706,0.9820901747868266,0.9992752396879537
795,extracted_from_watermarked_image_image0954artwork.png,20.70744496251105,0.9086130788627308,0.980850811528468
796,extracted_from_watermarked_image_image0955artwork.png,25.25266242854945,0.9665752299806245,0.9943833840164126
797,extracted_from_watermarked_image_image0956artwork.png,39.33798515358098,0.9876817735333706,0.9997172176763971
798,extracted_from_watermarked_image_image0959artwork.png,28.648705851217212,0.9822585369133069,0.9966531903762854
799,extracted_from_watermarked_image_image0960artwork.png,35.338879846830615,0.9764692778438211,0.9992857426883387
800,extracted_from_watermarked_image_image0962artwork.png,18.162796280893126,0.9369266148257163,0.9596088547558466
801,extracted_from_watermarked_image_image0966artwork.png,37.93590846675867,0.9935418026944872,0.9997030080986263
802,extracted_from_watermarked_image_image0967artwork.png,23.103119485422173,0.9260891537479928,0.9870086389727463
803,extracted_from_watermarked_image_image0970artwork.png,33.403686578246464,0.9850914467207206,0.9988740384067668
804,extracted_from_watermarked_image_image0971artwork.png,24.053609117787815,0.9568539997929059,0.9907855495435853
805,extracted_from_watermarked_image_image0973artwork.png,24.563401358297988,0.9763866456592324,0.9914647540431288
806,extracted_from_watermarked_image_image0974artwork.png,23.31344822734325,0.9516201287321048,0.9881709738723079
807,extracted_from_watermarked_image_image0975artwork.png,41.2551192182005,0.986675439331607,0.9998130633285426
808,extracted_from_watermarked_image_image0975artwork.png,32.85582203350992,0.9752785344663847,0.9986267777934976
809,extracted_from_watermarked_image_image0977artwork.png,35.17041084995225,0.9832802324633684,0.9992379867980236
810,extracted_from_watermarked_image_image0978artwork.png,32.356469089094716,0.9771062726897547,0.9984740343329258
811,extracted_from_watermarked_image_image0979artwork.png,39.31248597216954,0.985116350325327,0.9997177296538122
812,extracted_from_watermarked_image_image0981artwork.png,14.635909853595239,0.8045422981694118,0.92003154687373
813,extracted_from_watermarked_image_image0982artwork.png,29.911099064646663,0.9814963710082104,0.997680482457827
814,extracted_from_watermarked_image_image0983artwork.png,18.64220902211892,0.8721228063861503,0.970565180183598
815,extracted_from_watermarked_image_image0984artwork.png,37.6230499387793,0.9931569924578278,0.9996870313565389
816,extracted_from_watermarked_image_image0987artwork.png,31.458798225600148,0.9809639248233354,0.9981958706106568
817,extracted_from_watermarked_image_image0988artwork.png,28.62399278246071,0.9907482453383872,0.9982829886744203
818,extracted_from_watermarked_image_image0990artwork.png,21.422521923822607,0.9783252832010723,0.9817772304097704
819,extracted_from_watermarked_image_image0991artwork.png,27.614731731358315,0.980651809829296,0.9969240445451119
820,extracted_from_watermarked_image_image0992artwork.png,21.002805460355084,0.9167168775659281,0.982753496644917
821,extracted_from_watermarked_image_image0994artwork.png,22.922400266757847,0.9578097626090806,0.9874524226030571
822,extracted_from_watermarked_image_image0995artwork.png,36.787438499192305,0.9824392011795036,0.9995179821752561
823,extracted_from_watermarked_image_image0998artwork.png,20.727343792834287,0.9286310646051014,0.9789917800125889
824,extracted_from_watermarked_image_image0998artwork.png,15.966570575404264,0.8305820453784428,0.9336199785125561
